Prompt,Country,Tags,Intent volume,Total citations,Your brand mentioned,All Engines your brand rank,Your domain cited,Brand Sentiment,Brand Coverage,Ads,Shopping Cards,Alan Strappazzon mentioned,Alan Strappazzon cited,CM Studio mentioned,CM Studio cited,Cécile Morel mentioned,Cécile Morel cited,Ecotonos mentioned,Ecotonos cited,KELLER Architectes mentioned,KELLER Architectes cited,Kara Architecte mentioned,Kara Architecte cited,Mahaut Design mentioned,Mahaut Design cited,Marine Terrien mentioned,Marine Terrien cited,RK Interiors mentioned,RK Interiors cited,maage mentioned,maage cited
qui contacter pour transformer un appartement à Genève,ch,,1 - Very low,18,-,-,-,-,0%,0%,0%,-,-,1,1,-,-,-,-,-,-,-,-,-,-,-,-,-,-,-,-
combien coûte un architecte à Genève pour une rénovation,ch,,1 - Very low,26,-,-,-,-,0%,0%,0%,-,-,-,-,-,-,-,-,-,-,-,-,-,-,-,-,-,-,-,-
architecte d'intérieur à Genève,ch,,2 - Low,10,-,-,-,-,0%,0%,0%,-,-,-,-,1,1,-,-,-,-,1,0,-,-,1,0,-,-,-,-
meilleur architecte à Genève,ch,,1 - Very low,34,1,1,-,-,25%,0%,0%,1,1,-,-,-,-,1,1,-,-,1,1,-,-,-,-,-,-,-,-
architecte d'intérieur à Genève pour un appartement haut de gamme,ch,,1 - Very low,20,-,-,-,-,0%,0%,0%,-,-,-,-,2,3,-,-,-,-,-,-,-,-,1,1,-,-,-,-
architecte pour rénover une cuisine et une salle de bain à Genève,ch,,1 - Very low,22,-,-,-,-,0%,0%,0%,-,-,-,-,-,-,-,-,-,-,1,1,-,-,1,0,1,1,-,-
architecte pour rénover une villa à Genève,ch,,1 - Very low,33,-,-,-,-,0%,0%,0%,-,-,1,1,-,-,2,1,2,0,3,1,-,-,-,-,-,-,-,-
bureau d'architectes à Genève pour un immeuble de logements,ch,,1 - Very low,24,2,1,1,0,50%,0%,0%,-,-,-,-,-,-,1,0,1,0,1,0,-,-,-,-,-,-,-,-
architecte pour l'aménagement d'un commerce à Genève,ch,,1 - Very low,24,1,3,1,-,25%,0%,0%,-,-,-,-,-,-,0,1,-,-,2,1,-,-,2,0,-,-,-,-
architecte pour une rénovation d'appartement à Genève,ch,,1 - Very low,26,1,4,-,-,25%,0%,0%,1,1,2,1,0,1,2,2,-,-,2,2,-,-,1,0,-,-,-,-
architecte pour aménager un restaurant à Genève,ch,,1 - Very low,18,1,1,1,-,25%,0%,0%,1,0,-,-,1,1,-,-,-,-,1,0,1,0,-,-,-,-,-,-
architecte pour aménager des bureaux à Genève,ch,,1 - Very low,25,-,-,-,-,0%,0%,0%,-,-,-,-,-,-,-,-,-,-,2,2,-,-,1,0,-,-,-,-
expertise immobilière avant achat à Genève,ch,,2 - Low,25,-,-,-,-,0%,0%,0%,-,-,-,-,-,-,-,-,-,-,-,-,-,-,-,-,-,-,-,-
architecte rénovation énergétique Genève,ch,,1 - Very low,45,1,2,2,+50,25%,0%,0%,-,-,1,2,-,-,2,2,-,-,1,1,-,-,-,-,-,-,-,-
cabinet d'architecture à Genève pour un projet de rénovation,ch,,1 - Very low,18,-,-,-,-,0%,0%,0%,1,0,1,1,-,-,1,1,-,-,2,1,-,-,-,-,-,-,1,0
